{
    "loss": 0.3287713825702667,
    "accuracy": 0.9051724076271057
}